[
    {
        "id": 86974501723431,
        "name": "Femby Badge",
        "productId": 930438385811644,
        "creatorHasVerifiedBadge": false,
        "creatorType": "Group",
        "creatorTargetId": 17170567,
        "creatorName": "Catnip Cartel",
        "price": 60,
        "itemsearch": 1,
        "itemUrl": "https://www.roblox.com/catalog/86974501723431"
    },
    {
        "id": 140273385655234,
        "name": "Wolf Head Femby",
        "productId": 2493296964148175,
        "creatorHasVerifiedBadge": false,
        "creatorType": "Group",
        "creatorTargetId": 35311880,
        "creatorName": "Grundy's Bat Pack",
        "price": 95,
        "itemsearch": 2,
        "itemUrl": "https://www.roblox.com/catalog/140273385655234"
    },
    {
        "id": 110991901737108,
        "name": "Femby Cat Boy Chain",
        "productId": 5529458838188634,
        "creatorHasVerifiedBadge": false,
        "creatorType": "Group",
        "creatorTargetId": 17170567,
        "creatorName": "Catnip Cartel",
        "price": 50,
        "itemsearch": 3,
        "itemUrl": "https://www.roblox.com/catalog/110991901737108"
    },
    {
        "id": 81463907653552,
        "name": "I'm A Femby Sign",
        "productId": 2769393435027334,
        "creatorHasVerifiedBadge": false,
        "creatorType": "Group",
        "creatorTargetId": 35311880,
        "creatorName": "Grundy's Bat Pack",
        "price": 60,
        "itemsearch": 4,
        "itemUrl": "https://www.roblox.com/catalog/81463907653552"
    }
]